id,date_shown,slug,title
2774,2025-09-14,den-strategiska-betydelsen-av-rtp-i-online-casino-fallet-le-cowboy,"Den strategiska betydelsen av RTP i online casino: fallet Le Cowboy"
2775,2025-09-14,il-ruolo-dei-jackpot-progressivi-nel-settore-del-gioco-online-analisi-e-tendenze,"Il ruolo dei jackpot progressivi nel settore del gioco online: analisi e tendenze"
2776,2025-09-14,el-analisis-estrategico-del-sector-de-apuestas-deportivas-en-espana-tendencias-y-oportunidades,"El análisis estratégico del sector de apuestas deportivas en España: tendencias y oportunidades"
2777,2025-09-14,suomen-nettipelaamisen-tulevaisuus-ja-kansallinen-kasvusuunta,"Suomen Nettipelaamisen Tulevaisuus ja Kansallinen Kasvusuunta"
2778,2025-09-14,la-evolucion-del-juego-en-linea-y-su-relevancia-en-la-industria-del-entretenimiento-digital,"La Evolución del Juego en Línea y su Relevancia en la Industria del Entretenimiento Digital"
2779,2025-09-14,de-evolving-regels-rondom-online-casino-s-in-nederland-een-deep-dive,"De Evolving Regels rondom Online Casino’s in Nederland: Een Deep Dive"
2780,2025-09-14,el-auge-de-los-casinos-online-en-espana-como-evaluar-las-plataformas-de-juego,"El Auge de los Casinos Online en España: Cómo Evaluar las Plataformas de Juego"
2781,2025-09-14,analyse-strategique-du-marche-du-casino-en-ligne-en-france-tendances-regulation-et-opportunites,"Analyse Stratégique du Marché du Casino en Ligne en France : Tendances, Régulation et Opportunités"
2782,2025-09-14,wplyw-nowoczesnych-technologii-na-przemysl-kasyn-online-analiza-i-perspektywy,"Wpływ nowoczesnych technologii na przemysł kasyn online: analiza i perspektywy"
2783,2025-09-14,the-evolution-of-online-casinos-why-player-trust-and-certification-matter,"The Evolution of Online Casinos: Why Player Trust and Certification Matter"
2784,2025-09-14,polskie-ruletki-online-trendy-bezpieczenstwo-i-rola-rzetelnych-zrodel-informacji,"Polskie Ruletki Online: Trendy, Bezpieczeństwo i Rola Rzetelnych Źródeł Informacji"
2785,2025-09-14,the-evolution-of-online-gambling-navigating-canadian-markets-and-regulatory-landscapes,"The Evolution of Online Gambling: Navigating Canadian Markets and Regulatory Landscapes"
2786,2025-09-14,luotettavat-kasinopalvelut-suomessa-turvallisuuden-ja-lainsaadannon-valttamattomyys,"Luotettavat kasinopalvelut Suomessa: Turvallisuuden ja Lainsäädännön Välttämättömyys"
2787,2025-09-14,innovative-strategien-fur-erfolgreiche-content-distribution-in-digitalen-medien,"Innovative Strategien für erfolgreiche Content-Distribution in digitalen Medien"
2788,2025-09-14,den-digitala-spelbranschens-framtid-en-djupdykning-i-regulationer-innovation-och-konsumentskydd,"Den Digitala Spelbranschens Framtid: En Djupdykning i Regulationer, Innovation och Konsumentskydd"
2789,2025-09-14,de-evolutie-van-online-casino-s-innovaties-betrouwbaarheid-en-marktontwikkelingen,"De Evolutie van Online Casino’s: Innovaties, Betrouwbaarheid en Marktontwikkelingen"
2790,2025-09-14,de-evolutie-van-crypto-investeringen-ontwikkelingen-trends-en-toekomstperspectieven,"De Evolutie van Crypto-Investeringen: Ontwikkelingen, Trends en Toekomstperspectieven"
2791,2025-09-14,de-evolutie-van-online-casino-s-innovatie-en-veiligheid-in-de-digitale-gokkenindustrie,"De Evolutie van Online Casino’s: Innovatie en Veiligheid in de Digitale Gokkenindustrie"
2792,2025-09-14,de-opkomst-van-online-casino-s-in-nederland-veiligheid-betrouwbaarheid-en-innovatie,"De Opkomst van Online Casino’s in Nederland: Veiligheid, Betrouwbaarheid en Innovatie"
2793,2025-09-14,die-evolution-der-online-casino-plattformen-innovationen-sicherheit-und-nutzererlebnis,"Die Evolution der Online-Casino-Plattformen: Innovationen, Sicherheit und Nutzererlebnis"
2794,2025-09-15,de-toekomst-van-locatiegebonden-entertainment-traditioneel-versus-digitaal,"De Toekomst van Locatiegebonden Entertainment: Traditioneel versus Digitaal"
2795,2025-09-15,analiza-rynku-kasyn-online-co-wyroznia-najlepsze-platformy,"Analiza rynku kasyn online: Co wyróżnia najlepsze platformy?"
2797,2025-09-15,de-evolutie-van-digitale-muziekproductie-innovaties-en-toekomstgerichte-trends,"De Evolutie van Digitale Muziekproductie: Innovaties en Toekomstgerichte Trends"
2798,2025-09-15,le-marche-du-jeu-en-ligne-en-france-regulation-opportunites-et-responsabilites,"Le marché du jeu en ligne en France : Régulation, opportunités et responsabilités"
2799,2025-09-15,de-evolutie-van-online-casino-gidsen-in-het-digitale-tijdperk,"De Evolutie van Online Casino Gidsen in het Digitale Tijdperk"
2800,2025-09-15,die-zukunft-der-online-glucksspiele-regulierung-innovationen-und-verantwortungsvolles-spielen,"Die Zukunft der Online-Glücksspiele: Regulierung, Innovationen und verantwortungsvolles Spielen"
2801,2025-09-15,de-rol-van-gelicentieerde-online-casino-s-in-de-moderne-kansspelindustrie,"De Rol van Gelicentieerde Online Casino’s in de Moderne Kansspelindustrie"
2802,2025-09-15,de-evolutie-van-online-casino-s-veiligheid-transparantie-en-innovatie,"De Evolutie van Online Casino’s: Veiligheid, Transparantie en Innovatie"
2803,2025-09-15,neue-standards-im-online-casino-vertrauen-regulierung-und-innovation,"Neue Standards im Online-Casino: Vertrauen, Regulierung und Innovation"
2804,2025-09-15,de-evolutie-van-online-casinospellen-innovatie-betrouwbaarheid-en-marktleiderschap,"De Evolutie van Online Casinospellen: Innovatie, Betrouwbaarheid en Marktleiderschap"
2805,2025-09-15,la-montee-en-puissance-des-plateformes-de-casinos-en-ligne-enjeux-reglementation-et-innovation,"La montée en puissance des plateformes de casinos en ligne : enjeux, réglementation et innovation"
2806,2025-09-15,strategisch-inzetten-op-online-gokken-trends-regulering-en-impact,"Strategisch Inzetten op Online Gokken: Trends, Regulering en Impact"
2807,2025-09-15,der-markt-fur-online-glucksspiele-insbesondere-virtuelle-spielautomaten-ist-in-den-letzten-jahren,"Der Markt für Online-Glücksspiele, insbesondere virtuelle Spielautomaten, ist in den letzten Jahren"
2815,2025-09-15,innovation-und-sicherheit-im-online-glucksspiel-die-rolle-serioser-anbieter-im-deutschen-markt,"Innovation und Sicherheit im Online-Glücksspiel: Die Rolle seriöser Anbieter im deutschen Markt"
2825,2025-09-15,de-evolutie-van-online-casino-informatie-transparantie-en-expertise,"De Evolutie van Online Casino Informatie: Transparantie en Expertise"
2826,2025-09-15,die-evolution-des-online-glucksspiels-innovation-sicherheit-und-verbraucherkompetenz,"Die Evolution des Online-Glücksspiels: Innovation, Sicherheit und Verbraucherkompetenz"
2827,2025-09-15,analyse-approfondie-du-marche-des-jeux-d-argent-en-ligne-en-france-innovations-regulation-et-opportunites,"Analyse approfondie du Marché des Jeux d’Argent en Ligne en France : Innovations, Régulation et Opportunités"
2828,2025-09-15,de-evolving-wereld-van-online-casino-s-innovaties-legaliteit-en-veiligheid,"De Evolving Wereld van Online Casino’s: Innovaties, Legaliteit en Veiligheid"
2829,2025-09-15,die-attraktivitat-von-online-casino-tests-ein-blick-hinter-die-kulissen,"Die Attraktivität von Online-Casino-Tests: Ein Blick hinter die Kulissen"
2830,2025-09-15,les-tendances-emergentes-dans-le-secteur-des-paris-sportifs-en-ligne-une-analyse-strategique,"Les tendances émergentes dans le secteur des paris sportifs en ligne : une analyse stratégique"
2831,2025-09-15,la-montee-en-puissance-des-plateformes-de-paris-en-ligne-analyse-strategique-et-role-des-acteurs-locaux,"La montée en puissance des plateformes de paris en ligne : Analyse stratégique et rôle des acteurs locaux"
2832,2025-09-15,analyza-trendu-v-online-kasinech-jak-si-vybirat-bezpecne-a-duveryhodne-platformy,"Analýza trendů v online kasinech: Jak si vybírat bezpečné a důvěryhodné platformy"
2833,2025-09-15,die-zukunft-des-online-glucksspiels-innovationen-regulierung-und-marktanalysen,"Die Zukunft des Online-Glücksspiels: Innovationen, Regulierung und Marktanalysen"
2834,2025-09-15,de-online-gokindustrie-heeft-in-de-afgelopen-decennia-een-indrukwekkende-transformatie-doorgemaakt,"De online gokindustrie heeft in de afgelopen decennia een indrukwekkende transformatie doorgemaakt,"
2835,2025-09-15,bezpieczenstwo-i-transparentnosc-w-branzy-kasyn-online-rola-wiarygodnych-oficjalnych-platform,"Bezpieczeństwo i transparentność w branży kasyn online: Rola wiarygodnych oficjalnych platform"
2836,2025-09-15,rozwoj-branzy-kasyn-online-w-polsce-analiza-trendow-regulacji-i-innowacji,"Rozwój branży kasyn online w Polsce: analiza trendów, regulacji i innowacji"
2837,2025-09-15,la-evolucion-de-los-primeros-juegos-de-azar-en-el-mundo-digital-seguridad-innovacion-y-confianza,"La Evolución de los Primeros Juegos de Azar en el Mundo Digital: Seguridad, Innovación y Confianza"
2838,2025-09-15,innovative-ansatze-in-der-personalentwicklung-das-beispiel-von-golucky,"Innovative Ansätze in der Personalentwicklung: Das Beispiel von GoLucky"
2856,2025-09-15,la-evolucion-de-los-juegos-de-azar-en-linea-innovacion-regulacion-y-experiencia-del-usuario,"La Evolución de los Juegos de Azar en línea: Innovación, Regulación y Experiencia del Usuario"
2857,2025-09-15,e-exelixe-ton-psephiakon-tukheron-paikhnidion-apo-ta-paradosiaka-slots-sta-proegmena-online-casino,"Η Εξέλιξη των Ψηφιακών Τυχερών Παιχνιδιών: Από τα Παραδοσιακά Slots στα Προηγμένα Online Casino"
2858,2025-09-15,die-zukunft-der-hochprazisions-glucksspieltechnologien-im-digitalen-zeitalter,"Die Zukunft der Hochpräzisions-Glücksspieltechnologien im digitalen Zeitalter"
2859,2025-09-15,die-zukunft-des-online-glucksspiels-in-der-schweiz-ein-blick-auf-regulatorische-entwicklungen-und-marktinnovationen,"Die Zukunft des Online-Glücksspiels in der Schweiz: Ein Blick auf regulatorische Entwicklungen und Marktinnovationen"
2860,2025-09-15,innowacje-w-branzy-kasyn-online-bezpieczenstwo-technologie-i-przyszlosc,"Innowacje w branży kasyn online: Bezpieczeństwo, technologie i przyszłość"
2861,2025-09-15,astrologie-im-digitalen-zeitalter-prazision-analyse-und-die-zukunft-der-sternendeutung,"Astrologie im digitalen Zeitalter: Präzision, Analyse und die Zukunft der Sternendeutung"
2862,2025-09-16,das-glucksspiel-in-der-schweiz-hat-in-den-letzten-jahren-eine-bedeutende-transformation-durchlaufen,"Das Glücksspiel in der Schweiz hat in den letzten Jahren eine bedeutende Transformation durchlaufen."
2863,2025-09-16,digitale-glucksspielregulierung-und-innovationen-ein-uberblick-fur-schweizer-betreiber,"Digitale Glücksspielregulierung und Innovationen: Ein Überblick für Schweizer Betreiber"
2866,2025-09-16,die-evolution-der-online-casino-branche-von-innovationen-bis-regulierung,"Die Evolution der Online-Casino-Branche: Von Innovationen bis Regulierung"
2869,2025-09-16,online-glucksspiel-im-wandel-innovationen-und-verantwortungsbewusstsein-in-der-branche,"Online-Glücksspiel im Wandel: Innovationen und Verantwortungsbewusstsein in der Branche"
2870,2025-09-16,in-der-heutigen-ara-der-digitalisierung-ist-es-fur-unternehmen-aller-grossenordnungen-essenziell-tec,"In der heutigen Ära der Digitalisierung ist es für Unternehmen aller Größenordnungen essenziell, tec"
2904,2025-09-16,die-zukunft-der-virtuellen-bewerbungserlebnisse-innovationen-im-digitalen-recruiting,"Die Zukunft der virtuellen Bewerbungserlebnisse: Innovationen im digitalen Recruiting"
2909,2025-09-16,seit-der-legalisierung-und-regulierung-von-online-glucksspielen-im-juli-2021-erlebt-deutschland-eine,"Seit der Legalisierung und Regulierung von Online-Glücksspielen im Juli 2021 erlebt Deutschland eine"
2910,2025-09-16,der-wegweiser-fur-verantwortungsvolles-online-glucksspiel-im-deutschen-markt,"Der Wegweiser für verantwortungsvolles Online-Glücksspiel im deutschen Markt"
2911,2025-09-16,innovating-the-future-of-online-auditing-with-advanced-audio-solutions,"Innovating the Future of Online Auditing with Advanced Audio Solutions"
2912,2025-09-17,emerging-trends-in-online-casino-gaming-enhancing-user-engagement-and-revenue-with-responsible-play,"Emerging Trends in Online Casino Gaming: Enhancing User Engagement and Revenue with Responsible Play"
2914,2025-09-17,strategische-einblicke-in-die-welt-der-online-casinos-innovationen-regulierung-und-nachhaltigkeit,"Strategische Einblicke in die Welt der Online-Casinos: Innovationen, Regulierung und Nachhaltigkeit"
2918,2025-09-17,az-online-kaszinok-vilaga-utmutato-a-legjobb-online-szerencsejatek-elmenyekhez,"Az online kaszinók világa: Útmutató a legjobb online szerencsejáték-élményekhez"
2919,2025-09-17,tehnologia-si-evolutia-jocurilor-de-cazinou-online-o-privire-in-profunzime,"Tehnologia și Evoluția Jocurilor de Cazinou online: O Privire În Profunzime"
2920,2025-09-17,v-sucasnej-dobe-je-herny-priemysel-prepojeny-s-rychlym-technologickym-vyvojom-pricom-online-kasina,"V súčasnej dobe je herný priemysel prepojený s rýchlym technologickým vývojom, pričom online kasína"
2923,2025-09-17,de-evolutie-van-online-casino-s-innovaties-en-vertrouwen-in-de-digitale-gids,"De Evolutie van Online Casino’s: Innovaties en Vertrouwen in de Digitale Gids"
2924,2025-09-17,les-jeux-de-ycasino-innovation-et-securite-dans-l-industrie-du-jeu-en-ligne,"Les Jeux de YCasino : Innovation et Sécurité dans l’Industrie du Jeu en Ligne"
2925,2025-09-17,den-moderna-pay-back-model-for-amerikanska-spelare-en-expertanalys,"Den Moderna Pay-Back-Model för Amerikanska Spelare: En Expertanalys"
2942,2025-09-17,bezpieczne-i-rzetelne-kasyna-online-przewodnik-dla-wspolczesnych-graczy,"Bezpieczne i Rzetelne Kasyna Online: Przewodnik dla Współczesnych Graczy"
2943,2025-09-17,de-evolutie-van-online-casino-review-rapporten-een-gids-voor-vertrouwen-en-transparantie-in-de-digitale-gokindustrie,"De evolutie van online casino review-rapporten: Een gids voor vertrouwen en transparantie in de digitale gokindustrie"
2944,2025-09-17,uusi-suunta-online-pelaamisen-ekosysteemissa-vastuullisuus-innovaatio-ja-pelaajakokemus,"Uusi suunta online-pelaamisen ekosysteemissä: vastuullisuus, innovaatio ja pelaajakokemus"
2945,2025-09-17,innovation-im-bereich-der-blockchain-technologie-die-bedeutung-von-verifizierten-plattformen,"Innovation im Bereich der Blockchain-Technologie: Die Bedeutung von verifizierten Plattformen"
2950,2025-09-17,emerging-trends-in-online-sports-betting-the-role-of-innovation-and-responsible-gaming,"Emerging Trends in Online Sports Betting: The Role of Innovation and Responsible Gaming"
2952,2025-09-17,die-evolution-des-online-casinos-innovation-vertrauen-und-regulierung,"Die Evolution des Online Casinos: Innovation, Vertrauen und Regulierung"
2962,2025-09-17,hracska-duvera-a-transparentnost-v-online-kasinech-priklad-spravne-evaluace,"Hráčská důvěra a transparentnost v online kasinech: Příklad správné evaluace"
2964,2025-09-17,la-evolucion-del-analisis-de-casinos-en-linea-confiabilidad-innovacion-y-regulacion,"La evolución del análisis de casinos en línea: confiabilidad, innovación y regulación"
2965,2025-09-17,rizzio-l-excellence-artisanale-au-service-de-l-elegance,"Rizzio : L’excellence artisanale au service de l’élégance"
2966,2025-09-17,de-evolutie-van-online-casinospellen-betrouwbaarheid-en-innovatie-in-2024,"De evolutie van online casinospellen: betrouwbaarheid en innovatie in 2024"
2967,2025-09-17,les-tendances-du-marche-des-casinos-en-ligne-en-france-une-analyse-approfondie,"Les tendances du marché des casinos en ligne en France : une analyse approfondie"
2968,2025-09-17,strategic-insights-into-online-casino-guides-elevating-player-experience-with-credible-resources,"Strategic Insights into Online Casino Guides: Elevating Player Experience with Credible Resources"
2969,2025-09-17,innovacion-en-predicciones-deportivas-el-rol-de-plataformas-confiables-en-la-economia-del-apuesta,"Innovación en Predicciones Deportivas: El Rol de Plataformas Confiables en la Economía del Apuesta"
2970,2025-09-17,az-online-kaszinok-vilaga-a-megbizhatosag-es-a-jatekelmeny-osszhangja,"Az online kaszinók világa: A megbízhatóság és a játékélmény összhangja"
2971,2025-09-17,emerging-trends-in-digital-sports-betting-markets-an-industry-deep-dive,"Emerging Trends in Digital Sports Betting Markets: An Industry Deep Dive"
2972,2025-09-17,cryptocurrency-and-the-future-of-online-casinos-navigating-the-digital-shift,"Cryptocurrency and the Future of Online Casinos: Navigating the Digital Shift"
2973,2025-09-17,redefining-digital-communities-the-rise-of-niche-social-platforms,"Redefining Digital Communities: The Rise of Niche Social Platforms"
2974,2025-09-17,emerging-trends-in-online-casino-loyalty-programs-building-trust-and-engagement,"Emerging Trends in Online Casino Loyalty Programs: Building Trust and Engagement"
2975,2025-09-17,balancing-innovation-and-integrity-in-online-betting-a-deep-dive-into-digital-gaming-ecosystems,"Balancing Innovation and Integrity in Online Betting: A Deep Dive into Digital Gaming Ecosystems"
2978,2025-09-17,strategie-e-tendenze-nei-giochi-da-casino-online-un-analisi-approfondita,"Strategie e tendenze nei giochi da casino online: un’analisi approfondita"
2979,2025-09-17,la-evolucion-de-las-energias-renovables-en-espana-innovaciones-regulaciones-y-perspectivas,"La Evolución de las Energías Renovables en España: Innovaciones, Regulaciones y Perspectivas"
2980,2025-09-17,die-zukunft-des-online-glucksspiels-innovation-regulierung-und-vertrauensbildung,"Die Zukunft des Online-Glücksspiels: Innovation, Regulierung und Vertrauensbildung"
2981,2025-09-17,online-casinos-in-the-age-of-digital-regulation-navigating-legitimacy-and-trust,"Online Casinos in the Age of Digital Regulation: Navigating Legitimacy and Trust"
2982,2025-09-17,emerging-trends-in-digital-currency-infrastructure-the-role-of-niche-crypto-communities,"Emerging Trends in Digital Currency Infrastructure & the Role of Niche Crypto Communities"
2983,2025-09-17,strategic-evaluation-of-online-casino-reviews-empowering-players-with-credible-resources,"Strategic Evaluation of Online Casino Reviews: Empowering Players with Credible Resources"
2984,2025-09-17,les-enjeux-contemporains-du-marche-mondial-des-jeux-en-ligne,"Les enjeux contemporains du marché mondial des jeux en ligne"
2985,2025-09-17,leadership-et-strategie-dans-l-industrie-des-jeux-en-ligne-une-analyse-de-l-evolution-du-marche,"Leadership et stratégie dans l’industrie des jeux en ligne : une analyse de l’évolution du marché"
3054,2026-09-18,1win-recenzja-bonus-powitalny-platnosci-i-aplikacja-mobilna,"1win – recenzja, bonus powitalny, płatności i aplikacja mobilna"
3055,2026-09-18,1win-polska-przewodnik-po-bezpieczenstwie-i-ochronie-danych,"1win Polska – przewodnik po bezpieczeństwie i ochronie danych"
3056,2026-09-18,1win-login-security-guide-for-canadian-players,"1win login security guide for Canadian players"
3057,2026-09-18,1win-poland-kompletny-przewodnik-po-aplikacji-i-mobilnym-doswiadczeniu,"1win Poland – kompletny przewodnik po aplikacji i mobilnym doświadczeniu"
